﻿{"cnpj":"00672261000239","razao_social":"LA FIESTA LTDA","nome_fantasia":"DOCINHO","situacao_cadastral":"Baixada","data_situacao_cadastral":"2021-07-21","matriz_filial":"Filial","data_inicio_atividade":"1997-09-17","cnae_principal":"5611203","cnaes_secundarios":[],"natureza_juridica":"Sociedade Empresária Limitada","logradouro":"SCS QD 07 BL A LOJA","numero":"04 W","complemento":"3. PAVIMENTO","bairro":"ASA SUL","cep":"70310500","uf":"DF","municipio":"BRASILIA","email":"","telefones":[],"capital_social":"0,00","porte_empresa":"Microempresa (ME)","opcao_simples":"N","data_opcao_simples":"2007-07-01","opcao_mei":"N","data_opcao_mei":"0000-00-00","QSA":[{"nome_socio":"MARIA DAS GRACAS SILVA YODA","cnpj_cpf_socio":"***619601**","qualificacao_socio":"Sócio-Administrador","data_entrada_sociedade":"2004-09-21","identificador_socio":"Pessoa Física","faixa_etaria":"71 a 80 anos"},{"nome_socio":"MARCELO NORIZO YODA","cnpj_cpf_socio":"***434451**","qualificacao_socio":"Sócio-Administrador","data_entrada_sociedade":"2004-09-21","identificador_socio":"Pessoa Física","faixa_etaria":"41 a 50 anos"}]}