﻿{"cnpj":"00672062000140","razao_social":"DIEPAL COMERCIO DE DOCES LTDA","nome_fantasia":"","situacao_cadastral":"Baixada","data_situacao_cadastral":"2015-05-28","matriz_filial":"Matriz","data_inicio_atividade":"1995-06-23","cnae_principal":"4721104","cnaes_secundarios":[],"natureza_juridica":"Sociedade Empresária Limitada","logradouro":"VISCONDE DO URUGUAI","numero":"303","complemento":"","bairro":"CENTRO","cep":"24030077","uf":"RJ","municipio":"NITEROI","email":"","telefones":[],"capital_social":"0,00","porte_empresa":"Empresa de Pequeno Porte (EPP)","opcao_simples":"N","data_opcao_simples":"2007-07-01","opcao_mei":"N","data_opcao_mei":"0000-00-00","QSA":[{"nome_socio":"FRANCISCO EDUARDO DE ABREU MESQUITA","cnpj_cpf_socio":"***212197**","qualificacao_socio":"Sócio-Administrador","data_entrada_sociedade":"2015-04-24","identificador_socio":"Pessoa Física","faixa_etaria":"51 a 60 anos"},{"nome_socio":"JOSE RICARDO ELIESER","cnpj_cpf_socio":"***074507**","qualificacao_socio":"Sócio","data_entrada_sociedade":"2015-04-24","identificador_socio":"Pessoa Física","faixa_etaria":"61 a 70 anos"}]}