﻿{"cnpj":"00672322000187","razao_social":"ACRE TINTAS LTDA","nome_fantasia":"ACRE TINTAS","situacao_cadastral":"Ativa","data_situacao_cadastral":"2024-03-05","matriz_filial":"Matriz","data_inicio_atividade":"1995-06-27","cnae_principal":"4741500","cnaes_secundarios":["4744001","4744099"],"natureza_juridica":"Sociedade Empresária Limitada","logradouro":"QUINTINO BOCAIUVA","numero":"1524","complemento":"","bairro":"BOSQUE","cep":"69900718","uf":"AC","municipio":"RIO BRANCO","email":"ACRETINTAS@HOTMAIL.COM","telefones":[{"ddd":"68","numero":"32241038","is_fax":false},{"ddd":"68","numero":"32243005","is_fax":false}],"capital_social":"80000,00","porte_empresa":"Empresa de Pequeno Porte (EPP)","opcao_simples":"S","data_opcao_simples":"2008-01-01","opcao_mei":"N","data_opcao_mei":"0000-00-00","QSA":[{"nome_socio":"ELIZEU BRUNO BIAZZI","cnpj_cpf_socio":"***878239**","qualificacao_socio":"Sócio-Administrador","data_entrada_sociedade":"2009-11-12","identificador_socio":"Pessoa Física","faixa_etaria":"61 a 70 anos"}]}