﻿{"cnpj":"00671976000196","razao_social":"RIO FENIX CONSULTORIA EMPRESARIAL LTDA","nome_fantasia":"RIO FENIX","situacao_cadastral":"Baixada","data_situacao_cadastral":"2019-08-21","matriz_filial":"Matriz","data_inicio_atividade":"1995-05-29","cnae_principal":"7020400","cnaes_secundarios":["7820500","7810800","8299799"],"natureza_juridica":"Sociedade Simples Limitada","logradouro":"CARDO SANTO","numero":"656","complemento":"APT   101","bairro":"VILA VALQUEIRE","cep":"21330210","uf":"RJ","municipio":"RIO DE JANEIRO","email":"marta.souza@hotmail.com","telefones":[{"ddd":"21","numero":"33393485","is_fax":false},{"ddd":"21","numero":"78157274","is_fax":false},{"ddd":"21","numero":"33393485","is_fax":true}],"capital_social":"0,00","porte_empresa":"Demais","opcao_simples":"N","data_opcao_simples":"2007-07-01","opcao_mei":"N","data_opcao_mei":"0000-00-00","QSA":[{"nome_socio":"HELIO FERREIRA SANTOS FILHO","cnpj_cpf_socio":"***696817**","qualificacao_socio":"Sócio-Administrador","data_entrada_sociedade":"1995-05-29","identificador_socio":"Pessoa Física","faixa_etaria":"61 a 70 anos"},{"nome_socio":"MARTA BATISTA DE SOUZA","cnpj_cpf_socio":"***378677**","qualificacao_socio":"Sócio-Administrador","data_entrada_sociedade":"2010-06-08","identificador_socio":"Pessoa Física","faixa_etaria":"51 a 60 anos"}]}