﻿{"cnpj":"00671946000180","razao_social":"CEDILEME CENTRO DE DIAGNOSTICO POR IMAGEM DE LEME LTDA","nome_fantasia":"","situacao_cadastral":"Ativa","data_situacao_cadastral":"2003-10-04","matriz_filial":"Matriz","data_inicio_atividade":"1995-06-22","cnae_principal":"8640205","cnaes_secundarios":["8640204","8640207"],"natureza_juridica":"Sociedade Empresária Limitada","logradouro":"ERNESTO GATTO","numero":"262","complemento":"","bairro":"CENTRO","cep":"13610360","uf":"SP","municipio":"LEME","email":"","telefones":[],"capital_social":"4000,00","porte_empresa":"Demais","opcao_simples":"N","data_opcao_simples":"2009-01-01","opcao_mei":"N","data_opcao_mei":"0000-00-00","QSA":[{"nome_socio":"JOSE CARLOS ANSELMO DE ANDRADE","cnpj_cpf_socio":"***564136**","qualificacao_socio":"Sócio-Administrador","data_entrada_sociedade":"1995-06-06","identificador_socio":"Pessoa Física","faixa_etaria":"51 a 60 anos"},{"nome_socio":"JOSE GRYNFOGIEL","cnpj_cpf_socio":"***798597**","qualificacao_socio":"Sócio-Administrador","data_entrada_sociedade":"1995-06-06","identificador_socio":"Pessoa Física","faixa_etaria":"61 a 70 anos"},{"nome_socio":"DOMINGOS JOSE DA SILVA","cnpj_cpf_socio":"***941768**","qualificacao_socio":"Sócio-Administrador","data_entrada_sociedade":"1995-06-06","identificador_socio":"Pessoa Física","faixa_etaria":"71 a 80 anos"}]}