﻿{"cnpj":"00672242000121","razao_social":"ECONAUTICA SPORTS COM. DE PROD. NAUTICOS E ESPORTIVOS LTDA","nome_fantasia":"PE DE PATO","situacao_cadastral":"Ativa","data_situacao_cadastral":"2024-09-20","matriz_filial":"Matriz","data_inicio_atividade":"1995-06-29","cnae_principal":"4763604","cnaes_secundarios":["4763602","4789009","4789099"],"natureza_juridica":"Sociedade Empresária Limitada","logradouro":"600","numero":"400","complemento":"SALA  1","bairro":"CENTRO","cep":"88330632","uf":"SC","municipio":"BALNEARIO CAMBORIU","email":"CONTATO@LOJAPEDEPATO.COM.BR","telefones":[{"ddd":"47","numero":"33630341","is_fax":false},{"ddd":"47","numero":"33674043","is_fax":true}],"capital_social":"0,00","porte_empresa":"Empresa de Pequeno Porte (EPP)","opcao_simples":"S","data_opcao_simples":"2025-01-01","opcao_mei":"N","data_opcao_mei":"0000-00-00","QSA":[{"nome_socio":"SILVIO MARTINHO CAMPOS","cnpj_cpf_socio":"***229899**","qualificacao_socio":"Sócio-Administrador","data_entrada_sociedade":"2000-06-13","identificador_socio":"Pessoa Física","faixa_etaria":"51 a 60 anos"},{"nome_socio":"IVONE TERESA CAMPOS","cnpj_cpf_socio":"***638279**","qualificacao_socio":"Sócio","data_entrada_sociedade":"2008-12-19","identificador_socio":"Pessoa Física","faixa_etaria":"71 a 80 anos"}]}