﻿{"cnpj":"00672046000157","razao_social":"ROBSON DOS S PEREIRA MATERIAL DE CONSTRUCAO LTDA","nome_fantasia":"","situacao_cadastral":"Ativa","data_situacao_cadastral":"2005-06-04","matriz_filial":"Matriz","data_inicio_atividade":"1995-06-26","cnae_principal":"4744099","cnaes_secundarios":[],"natureza_juridica":"Sociedade Empresária Limitada","logradouro":"SENADOR  SALGADO  FILHO","numero":"935","complemento":"","bairro":"OLINDA","cep":"26510110","uf":"RJ","municipio":"NILOPOLIS","email":"","telefones":[],"capital_social":"90000,00","porte_empresa":"Microempresa (ME)","opcao_simples":"S","data_opcao_simples":"2007-07-01","opcao_mei":"N","data_opcao_mei":"0000-00-00","QSA":[{"nome_socio":"ROBSON DOS SANTOS PEREIRA","cnpj_cpf_socio":"***487067**","qualificacao_socio":"Sócio-Administrador","data_entrada_sociedade":"1995-06-26","identificador_socio":"Pessoa Física","faixa_etaria":"61 a 70 anos"}]}