﻿{"cnpj":"00672406000110","razao_social":"EXTINTORES BLUMENAU LTDA","nome_fantasia":"","situacao_cadastral":"Ativa","data_situacao_cadastral":"2005-09-03","matriz_filial":"Matriz","data_inicio_atividade":"1995-06-28","cnae_principal":"4789099","cnaes_secundarios":["3314710","4530701","4669999"],"natureza_juridica":"Sociedade Empresária Limitada","logradouro":"POMERODE","numero":"478","complemento":"TERREO","bairro":"SALTO DO NORTE","cep":"89065300","uf":"SC","municipio":"BLUMENAU","email":"","telefones":[{"ddd":"47","numero":"33271851","is_fax":false},{"ddd":"047","numero":"3270630","is_fax":true}],"capital_social":"100000,00","porte_empresa":"Empresa de Pequeno Porte (EPP)","opcao_simples":"S","data_opcao_simples":"2017-01-01","opcao_mei":"N","data_opcao_mei":"0000-00-00","QSA":[{"nome_socio":"VALMIR JOSE RENGEL","cnpj_cpf_socio":"***309809**","qualificacao_socio":"Sócio-Administrador","data_entrada_sociedade":"1998-09-24","identificador_socio":"Pessoa Física","faixa_etaria":"61 a 70 anos"},{"nome_socio":"MARIA DE LOURDES RENGEL","cnpj_cpf_socio":"***459459**","qualificacao_socio":"Sócio-Administrador","data_entrada_sociedade":"1998-09-24","identificador_socio":"Pessoa Física","faixa_etaria":"61 a 70 anos"}]}