﻿{"cnpj":"00671835000173","razao_social":"TOGA CONTABIL LTDA","nome_fantasia":"","situacao_cadastral":"Ativa","data_situacao_cadastral":"2005-09-03","matriz_filial":"Matriz","data_inicio_atividade":"1995-06-28","cnae_principal":"6920601","cnaes_secundarios":[],"natureza_juridica":"Sociedade Simples Limitada","logradouro":"DOUTOR LUCIANO ESTEVES","numero":"216","complemento":"SALA  41","bairro":"CENTRO","cep":"13480048","uf":"SP","municipio":"LIMEIRA","email":"TOGA@TOGACONTABIL.COM.BR","telefones":[{"ddd":"19","numero":"34423539","is_fax":false},{"ddd":"19","numero":"34427400","is_fax":false},{"ddd":"19","numero":"34427400","is_fax":true}],"capital_social":"100000,00","porte_empresa":"Microempresa (ME)","opcao_simples":"S","data_opcao_simples":"2024-01-01","opcao_mei":"N","data_opcao_mei":"0000-00-00","QSA":[{"nome_socio":"VALDIR TOZATTI","cnpj_cpf_socio":"***384948**","qualificacao_socio":"Sócio-Administrador","data_entrada_sociedade":"1995-06-28","identificador_socio":"Pessoa Física","faixa_etaria":"61 a 70 anos"}]}