﻿{"cnpj":"00672376000142","razao_social":"R. J. DEVASEL INDUSTRIA E COMERCIO LTDA","nome_fantasia":"MARMORARIA SAO JOSE","situacao_cadastral":"Ativa","data_situacao_cadastral":"2005-11-03","matriz_filial":"Matriz","data_inicio_atividade":"1995-05-10","cnae_principal":"2391502","cnaes_secundarios":[],"natureza_juridica":"Sociedade Empresária Limitada","logradouro":"DR.THEODORO G. DE ABREU","numero":"408","complemento":"","bairro":"SAO VICENTE PAULA","cep":"28400000","uf":"RJ","municipio":"SAO FIDELIS","email":"","telefones":[],"capital_social":"0,00","porte_empresa":"Microempresa (ME)","opcao_simples":"N","data_opcao_simples":"2007-07-01","opcao_mei":"N","data_opcao_mei":"0000-00-00","QSA":[{"nome_socio":"JOAO DEVASEL MOTA","cnpj_cpf_socio":"***630367**","qualificacao_socio":"Sócio-Administrador","data_entrada_sociedade":"1995-05-10","identificador_socio":"Pessoa Física","faixa_etaria":"61 a 70 anos"},{"nome_socio":"MARISETE DA SILVA MOTA","cnpj_cpf_socio":"***480207**","qualificacao_socio":"Sócio","data_entrada_sociedade":"1999-07-07","identificador_socio":"Pessoa Física","faixa_etaria":"61 a 70 anos"}]}