﻿{"cnpj":"00672318000119","razao_social":"RESFRIAR INDUSTRIA E COMERCIO LTDA","nome_fantasia":"RESFRIAR","situacao_cadastral":"Baixada","data_situacao_cadastral":"2016-09-14","matriz_filial":"Matriz","data_inicio_atividade":"1995-06-26","cnae_principal":"3101200","cnaes_secundarios":[],"natureza_juridica":"Sociedade Empresária Limitada","logradouro":"CELIKA NEGREIROS","numero":"106","complemento":"","bairro":"AGUAS CLARAS","cep":"41310200","uf":"BA","municipio":"SALVADOR","email":"","telefones":[{"ddd":"71","numero":"32156363","is_fax":false},{"ddd":"71","numero":"32156365","is_fax":false},{"ddd":"71","numero":"32156365","is_fax":true}],"capital_social":"0,00","porte_empresa":"Microempresa (ME)","opcao_simples":"N","data_opcao_simples":"2007-07-01","opcao_mei":"N","data_opcao_mei":"0000-00-00","QSA":[{"nome_socio":"JOSE LUIZ BARBOSA DE LIMA","cnpj_cpf_socio":"***768415**","qualificacao_socio":"Sócio-Administrador","data_entrada_sociedade":"1997-12-05","identificador_socio":"Pessoa Física","faixa_etaria":"61 a 70 anos"},{"nome_socio":"MARIVALDO BARBOSA DE LIMA","cnpj_cpf_socio":"***646355**","qualificacao_socio":"Sócio","data_entrada_sociedade":"1997-12-05","identificador_socio":"Pessoa Física","faixa_etaria":"51 a 60 anos"}]}