﻿{"cnpj":"00671993000123","razao_social":"HOTEL PESQUEIRO AQUIDAUANA LTDA","nome_fantasia":"HOTEL PESQUEIRO AQUIDAUANA","situacao_cadastral":"Baixada","data_situacao_cadastral":"2021-10-15","matriz_filial":"Matriz","data_inicio_atividade":"1995-06-29","cnae_principal":"5590603","cnaes_secundarios":[],"natureza_juridica":"Sociedade Empresária Limitada","logradouro":"CANDIDO MARIANO","numero":"314","complemento":"","bairro":"CENTRO","cep":"79200000","uf":"MS","municipio":"AQUIDAUANA","email":"","telefones":[],"capital_social":"40000,00","porte_empresa":"Microempresa (ME)","opcao_simples":"N","data_opcao_simples":"2008-01-01","opcao_mei":"N","data_opcao_mei":"0000-00-00","QSA":[{"nome_socio":"JOSE FLORIANO PIRES","cnpj_cpf_socio":"***943699**","qualificacao_socio":"Sócio-Administrador","data_entrada_sociedade":"2013-01-04","identificador_socio":"Pessoa Física","faixa_etaria":"71 a 80 anos"},{"nome_socio":"MARIA APARECIDA BARDELLA","cnpj_cpf_socio":"***017481**","qualificacao_socio":"Sócio","data_entrada_sociedade":"2013-01-04","identificador_socio":"Pessoa Física","faixa_etaria":"61 a 70 anos"}]}