﻿{"cnpj":"00672229000172","razao_social":"JR COMERCIO DE CARVAO LTDA","nome_fantasia":"CARVAO BRAZEIRO E FOGO FORTE","situacao_cadastral":"Ativa","data_situacao_cadastral":"2002-09-07","matriz_filial":"Matriz","data_inicio_atividade":"1995-06-29","cnae_principal":"4789099","cnaes_secundarios":["4689399","4930202"],"natureza_juridica":"Sociedade Empresária Limitada","logradouro":"230","numero":"14.220","complemento":"FUNDOS","bairro":"RODEIO GRANDE","cep":"89294000","uf":"SC","municipio":"CAMPO ALEGRE","email":"CONTABILIDADE@CONTABILG.COM.BR","telefones":[{"ddd":"47","numero":"96785059","is_fax":false}],"capital_social":"20000,00","porte_empresa":"Microempresa (ME)","opcao_simples":"S","data_opcao_simples":"2025-01-01","opcao_mei":"N","data_opcao_mei":"0000-00-00","QSA":[{"nome_socio":"JONAS VALDINEI DA ROCHA","cnpj_cpf_socio":"***984559**","qualificacao_socio":"Sócio-Administrador","data_entrada_sociedade":"2023-06-13","identificador_socio":"Pessoa Física","faixa_etaria":"41 a 50 anos"}]}