﻿{"cnpj":"00671994000178","razao_social":"GIROGAZ COMERCIAL DE OXIGENIO LTDA","nome_fantasia":"GIROGAZ GIROMED","situacao_cadastral":"Ativa","data_situacao_cadastral":"2005-06-11","matriz_filial":"Matriz","data_inicio_atividade":"1995-06-29","cnae_principal":"4684299","cnaes_secundarios":["2014200","3312103","3319800","4322301","4644301","4645101","4663000","4664800","4930203","7739002","7739099","8292000"],"natureza_juridica":"Sociedade Empresária Limitada","logradouro":"TOMAZ EDSON","numero":"652","complemento":"","bairro":"VILA PROGRESSO","cep":"79050370","uf":"MS","municipio":"CAMPO GRANDE","email":"ATENDIMENTOGIROGAZ@GMAIL.COM","telefones":[{"ddd":"67","numero":"33427628","is_fax":false},{"ddd":"67","numero":"33424807","is_fax":false}],"capital_social":"1500000,00","porte_empresa":"Demais","opcao_simples":"N","data_opcao_simples":"2018-01-01","opcao_mei":"N","data_opcao_mei":"0000-00-00","QSA":[{"nome_socio":"JOSE VICENTE COSTARDI GIROTTO","cnpj_cpf_socio":"***439768**","qualificacao_socio":"Sócio-Administrador","data_entrada_sociedade":"1995-06-30","identificador_socio":"Pessoa Física","faixa_etaria":"61 a 70 anos"}]}