﻿{"cnpj":"00672331000178","razao_social":"SERVICOS DE ORGANIZACAO DE FESTAS NASCIMENTO DECOR LTDA","nome_fantasia":"ORGANIZACAO DE FESTAS NASCIMENTO DECOR","situacao_cadastral":"Ativa","data_situacao_cadastral":"2001-07-01","matriz_filial":"Matriz","data_inicio_atividade":"1995-06-28","cnae_principal":"8230001","cnaes_secundarios":["4789099","5611203","5620102","7729202","9001902","9329899"],"natureza_juridica":"Sociedade Empresária Limitada","logradouro":"PROFESSORA JULIETA FAHEL GUIMARAES","numero":"000021","complemento":"BOX   .","bairro":"FAZENDA GRANDE II","cep":"41342370","uf":"BA","municipio":"SALVADOR","email":"TOTINHACONTABILIDADE@HOTMAIL.COM","telefones":[{"ddd":"74","numero":"99842314","is_fax":false}],"capital_social":"100000,00","porte_empresa":"Microempresa (ME)","opcao_simples":"S","data_opcao_simples":"2025-01-01","opcao_mei":"N","data_opcao_mei":"0000-00-00","QSA":[{"nome_socio":"MARCIA HERMENEGILDO DO NASCIMENTO","cnpj_cpf_socio":"***286135**","qualificacao_socio":"Sócio-Administrador","data_entrada_sociedade":"2011-05-26","identificador_socio":"Pessoa Física","faixa_etaria":"51 a 60 anos"}]}