﻿{"cnpj":"00672153000185","razao_social":"BAHIA BORDA LTDA","nome_fantasia":"BAHIA BORDA","situacao_cadastral":"Baixada","data_situacao_cadastral":"2018-07-19","matriz_filial":"Matriz","data_inicio_atividade":"1995-06-26","cnae_principal":"9609299","cnaes_secundarios":[],"natureza_juridica":"Sociedade Empresária Limitada","logradouro":"JOAO DA SILVA REGO","numero":"S/N","complemento":"QD 2 LOT 4","bairro":"JARDIM PIATA","cep":"41650060","uf":"BA","municipio":"SALVADOR","email":"MLCONT@TERRA.COM.BR","telefones":[{"ddd":"71","numero":"32400169","is_fax":false}],"capital_social":"30000,00","porte_empresa":"Microempresa (ME)","opcao_simples":"N","data_opcao_simples":"2007-07-01","opcao_mei":"N","data_opcao_mei":"0000-00-00","QSA":[{"nome_socio":"ELIZABETH DE CASTRO CRUZ","cnpj_cpf_socio":"***226555**","qualificacao_socio":"Sócio-Administrador","data_entrada_sociedade":"1995-06-26","identificador_socio":"Pessoa Física","faixa_etaria":"61 a 70 anos"},{"nome_socio":"FABIO DE CASTRO CRUZ","cnpj_cpf_socio":"***374555**","qualificacao_socio":"Sócio","data_entrada_sociedade":"2006-04-03","identificador_socio":"Pessoa Física","faixa_etaria":"41 a 50 anos"}]}