﻿{"cnpj":"00672240000132","razao_social":"RETKE INDUSTRIA E COMERCIO DE LUVAS LTDA","nome_fantasia":"LUVAS RETKE","situacao_cadastral":"Inapta","data_situacao_cadastral":"2018-09-20","matriz_filial":"Matriz","data_inicio_atividade":"1995-06-29","cnae_principal":"3292202","cnaes_secundarios":["4642702","1510600","4781400"],"natureza_juridica":"Sociedade Empresária Limitada","logradouro":"AMAZONAS","numero":"350","complemento":"","bairro":"BELA VISTA","cep":"89196000","uf":"SC","municipio":"SALETE","email":"taio@jmainhardt.com.br","telefones":[{"ddd":"47","numero":"35620211","is_fax":false},{"ddd":"47","numero":"35620212","is_fax":false},{"ddd":"47","numero":"35620106","is_fax":true}],"capital_social":"4000,00","porte_empresa":"Microempresa (ME)","opcao_simples":"N","data_opcao_simples":"2007-07-01","opcao_mei":"N","data_opcao_mei":"0000-00-00","QSA":[{"nome_socio":"WILSON RETKE","cnpj_cpf_socio":"***838359**","qualificacao_socio":"Sócio-Administrador","data_entrada_sociedade":"2011-03-17","identificador_socio":"Pessoa Física","faixa_etaria":"51 a 60 anos"},{"nome_socio":"MARLENE TERESINHA LOCH RETKE","cnpj_cpf_socio":"***700009**","qualificacao_socio":"Sócio","data_entrada_sociedade":"2011-03-17","identificador_socio":"Pessoa Física","faixa_etaria":"51 a 60 anos"}]}