﻿{"cnpj":"00672281000129","razao_social":"ONDA DAGUA COMERCIO DE PURIFICADORES LTDA","nome_fantasia":"ONDA DAGUA COMERCIO DE PURIFICADORES LTDA","situacao_cadastral":"Baixada","data_situacao_cadastral":"2017-04-04","matriz_filial":"Matriz","data_inicio_atividade":"1995-06-29","cnae_principal":"4759899","cnaes_secundarios":["4723700","4753900"],"natureza_juridica":"Sociedade Empresária Limitada","logradouro":"BALTAZAR DE OLIVEIRA GARCIA","numero":"0225","complemento":"SALA 209","bairro":"JARDIM ITU","cep":"91130001","uf":"RS","municipio":"PORTO ALEGRE","email":"","telefones":[{"ddd":"51","numero":"30190324","is_fax":false}],"capital_social":"0,00","porte_empresa":"Microempresa (ME)","opcao_simples":"N","data_opcao_simples":"2007-07-01","opcao_mei":"N","data_opcao_mei":"0000-00-00","QSA":[{"nome_socio":"PRISCILA SILVA GOMES","cnpj_cpf_socio":"***056600**","qualificacao_socio":"Sócio","data_entrada_sociedade":"2002-11-18","identificador_socio":"Pessoa Física","faixa_etaria":"41 a 50 anos"},{"nome_socio":"ANTONIO DA SILVA GOMES","cnpj_cpf_socio":"***038708**","qualificacao_socio":"Sócio-Administrador","data_entrada_sociedade":"2002-11-18","identificador_socio":"Pessoa Física","faixa_etaria":"71 a 80 anos"}]}