﻿{"cnpj":"00671941000157","razao_social":"AGRO SANTOS IMPLEMENTOS AGRICOLAS LTDA","nome_fantasia":"","situacao_cadastral":"Baixada","data_situacao_cadastral":"2017-11-16","matriz_filial":"Matriz","data_inicio_atividade":"1982-07-08","cnae_principal":"4771704","cnaes_secundarios":[],"natureza_juridica":"Sociedade Empresária Limitada","logradouro":"09 LOTE","numero":"01","complemento":"LJ 3 VL VICENTINA","bairro":"PLANALTINA","cep":"73320030","uf":"DF","municipio":"BRASILIA","email":"","telefones":[],"capital_social":"30000,00","porte_empresa":"Microempresa (ME)","opcao_simples":"N","data_opcao_simples":"2007-07-01","opcao_mei":"N","data_opcao_mei":"0000-00-00","QSA":[{"nome_socio":"GILTON DOS SANTOS","cnpj_cpf_socio":"***560581**","qualificacao_socio":"Sócio-Administrador","data_entrada_sociedade":"2000-07-28","identificador_socio":"Pessoa Física","faixa_etaria":"51 a 60 anos"},{"nome_socio":"GILMA AUGUSTO DOS SANTOS","cnpj_cpf_socio":"***850261**","qualificacao_socio":"Sócio","data_entrada_sociedade":"1982-07-10","identificador_socio":"Pessoa Física","faixa_etaria":"71 a 80 anos"},{"nome_socio":"JOAQUIM FRANCISCO DOS SANTOS","cnpj_cpf_socio":"***394921**","qualificacao_socio":"Sócio-Administrador","data_entrada_sociedade":"1982-07-10","identificador_socio":"Pessoa Física","faixa_etaria":"Mais de 80 anos"}]}