﻿{"cnpj":"00672159000152","razao_social":"ASSISTENCIA TECNICA EM CALDEIRAS WM LTDA","nome_fantasia":"ASSISTECAL","situacao_cadastral":"Baixada","data_situacao_cadastral":"2021-01-13","matriz_filial":"Matriz","data_inicio_atividade":"1995-06-27","cnae_principal":"4663000","cnaes_secundarios":["4662100","3311200"],"natureza_juridica":"Sociedade Empresária Limitada","logradouro":"ITAPAGIPE","numero":"886","complemento":"LOJA: 05, 06;","bairro":"CONCORDIA","cep":"31110590","uf":"MG","municipio":"BELO HORIZONTE","email":"ASSISTECAL@YAHOO.COM.BR","telefones":[{"ddd":"31","numero":"25158658","is_fax":false}],"capital_social":"4000,00","porte_empresa":"Microempresa (ME)","opcao_simples":"N","data_opcao_simples":"2012-01-01","opcao_mei":"N","data_opcao_mei":"0000-00-00","QSA":[{"nome_socio":"WALTER DIAS SUETH FILHO","cnpj_cpf_socio":"***500807**","qualificacao_socio":"Sócio-Administrador","data_entrada_sociedade":"1995-06-27","identificador_socio":"Pessoa Física","faixa_etaria":"51 a 60 anos"},{"nome_socio":"WALTER DIAS SUETH NETTO","cnpj_cpf_socio":"***577866**","qualificacao_socio":"Sócio","data_entrada_sociedade":"2010-03-24","identificador_socio":"Pessoa Física","faixa_etaria":"31 a 40 anos"},{"nome_socio":"VICTOR VICENTE SUETH","cnpj_cpf_socio":"***863036**","qualificacao_socio":"Sócio","data_entrada_sociedade":"2010-03-24","identificador_socio":"Pessoa Física","faixa_etaria":"21 a 30 anos"}]}