﻿{"cnpj":"00672403000187","razao_social":"PAPELARIA E COPIADORA SOCOPIAS LTDA","nome_fantasia":"SOCOPIAS A ORIGINAL EM COPIAS","situacao_cadastral":"Ativa","data_situacao_cadastral":"2001-03-31","matriz_filial":"Matriz","data_inicio_atividade":"1995-06-05","cnae_principal":"8219901","cnaes_secundarios":["8299703","4751201","4789007","4761003","7733100","9511800","4721104"],"natureza_juridica":"Sociedade Empresária Limitada","logradouro":"PARANA","numero":"227","complemento":"","bairro":"CENTRO","cep":"87704100","uf":"PR","municipio":"PARANAVAI","email":"","telefones":[],"capital_social":"150000,00","porte_empresa":"Microempresa (ME)","opcao_simples":"S","data_opcao_simples":"2007-07-01","opcao_mei":"N","data_opcao_mei":"0000-00-00","QSA":[{"nome_socio":"IVONE SUZUMI OKU PROCHNOW","cnpj_cpf_socio":"***275719**","qualificacao_socio":"Sócio-Administrador","data_entrada_sociedade":"1995-06-01","identificador_socio":"Pessoa Física","faixa_etaria":"61 a 70 anos"},{"nome_socio":"LILIANA MENEZES GODE OKU","cnpj_cpf_socio":"***437399**","qualificacao_socio":"Sócio-Administrador","data_entrada_sociedade":"2003-11-18","identificador_socio":"Pessoa Física","faixa_etaria":"41 a 50 anos"}]}