﻿{"cnpj":"00672230000105","razao_social":"MERCADO CASTANHA LTDA","nome_fantasia":"","situacao_cadastral":"Ativa","data_situacao_cadastral":"2005-11-03","matriz_filial":"Matriz","data_inicio_atividade":"1995-06-29","cnae_principal":"4712100","cnaes_secundarios":["5611205","6810201","6821802"],"natureza_juridica":"Sociedade Empresária Limitada","logradouro":"PRIMEIRO DE MAIO","numero":"39","complemento":"CASA","bairro":"CENTRO","cep":"89970000","uf":"SC","municipio":"ANCHIETA","email":"","telefones":[],"capital_social":"50000,00","porte_empresa":"Microempresa (ME)","opcao_simples":"S","data_opcao_simples":"2007-07-01","opcao_mei":"N","data_opcao_mei":"0000-00-00","QSA":[{"nome_socio":"DOMINGOS CASTANHA","cnpj_cpf_socio":"***732549**","qualificacao_socio":"Sócio-Administrador","data_entrada_sociedade":"2022-09-16","identificador_socio":"Pessoa Física","faixa_etaria":"51 a 60 anos"},{"nome_socio":"JAISON CASTANHA","cnpj_cpf_socio":"***066209**","qualificacao_socio":"Sócio-Administrador","data_entrada_sociedade":"2022-09-16","identificador_socio":"Pessoa Física","faixa_etaria":"31 a 40 anos"}]}