﻿{"cnpj":"00672395000179","razao_social":"V.G. NEWS DISTRIBUIDORA DE PUBLICACOES LTDA","nome_fantasia":"","situacao_cadastral":"Ativa","data_situacao_cadastral":"2005-02-12","matriz_filial":"Matriz","data_inicio_atividade":"1995-06-27","cnae_principal":"5320202","cnaes_secundarios":["5320201"],"natureza_juridica":"Sociedade Empresária Limitada","logradouro":"FELICIANO SODRE","numero":"411","complemento":"","bairro":"VARZEA","cep":"25963082","uf":"RJ","municipio":"TERESOPOLIS","email":"","telefones":[{"ddd":"21","numero":"27424000","is_fax":false},{"ddd":"21","numero":"27424000","is_fax":true}],"capital_social":"100000,00","porte_empresa":"Microempresa (ME)","opcao_simples":"S","data_opcao_simples":"2023-01-01","opcao_mei":"N","data_opcao_mei":"0000-00-00","QSA":[{"nome_socio":"VALTER DE QUEIROZ PINHEIRO","cnpj_cpf_socio":"***471397**","qualificacao_socio":"Sócio-Administrador","data_entrada_sociedade":"1999-09-24","identificador_socio":"Pessoa Física","faixa_etaria":"51 a 60 anos"}]}