﻿{"cnpj":"00672292000109","razao_social":"HEBBEL E MOTTA SUPERMERCADOS LTDA","nome_fantasia":"SUPERMERCADOS 3 F","situacao_cadastral":"Ativa","data_situacao_cadastral":"2004-07-10","matriz_filial":"Matriz","data_inicio_atividade":"1995-06-29","cnae_principal":"4711302","cnaes_secundarios":["8291100"],"natureza_juridica":"Sociedade Empresária Limitada","logradouro":"BRASILIA","numero":"447","complemento":"","bairro":"CENTRO","cep":"85465000","uf":"PR","municipio":"ESPIGAO ALTO DO IGUACU","email":"SUPERMERCADOSABIA3@HOTMAIL.COM","telefones":[{"ddd":"46","numero":"35531125","is_fax":false},{"ddd":"46","numero":"5531125","is_fax":true}],"capital_social":"250000,00","porte_empresa":"Empresa de Pequeno Porte (EPP)","opcao_simples":"S","data_opcao_simples":"2007-07-01","opcao_mei":"N","data_opcao_mei":"0000-00-00","QSA":[{"nome_socio":"FABIANA JULIA HEBBEL DA MOTTA","cnpj_cpf_socio":"***757309**","qualificacao_socio":"Sócio-Administrador","data_entrada_sociedade":"2019-03-15","identificador_socio":"Pessoa Física","faixa_etaria":"21 a 30 anos"},{"nome_socio":"FABIO JUNIOR HEBBEL DA MOTTA","cnpj_cpf_socio":"***554529**","qualificacao_socio":"Sócio-Administrador","data_entrada_sociedade":"2019-03-15","identificador_socio":"Pessoa Física","faixa_etaria":"31 a 40 anos"}]}