﻿{"cnpj":"00672148000172","razao_social":"EXTENSAO INFORMATICA LTDA","nome_fantasia":"","situacao_cadastral":"Suspensa","data_situacao_cadastral":"2023-03-24","matriz_filial":"Matriz","data_inicio_atividade":"1995-05-30","cnae_principal":"4761003","cnaes_secundarios":[],"natureza_juridica":"Sociedade Empresária Limitada","logradouro":"CONTORNO","numero":"3711","complemento":"","bairro":"SAO LUCAS","cep":"30110018","uf":"MG","municipio":"BELO HORIZONTE","email":"","telefones":[],"capital_social":"3400,00","porte_empresa":"Microempresa (ME)","opcao_simples":"N","data_opcao_simples":"2018-01-01","opcao_mei":"N","data_opcao_mei":"0000-00-00","QSA":[{"nome_socio":"FILIPE CORREA RODRIGUES","cnpj_cpf_socio":"***450506**","qualificacao_socio":"Sócio-Administrador","data_entrada_sociedade":"2002-01-24","identificador_socio":"Pessoa Física","faixa_etaria":"51 a 60 anos"}]}