﻿{"cnpj":"00672137000192","razao_social":"GUAITA & FILHOS LTDA","nome_fantasia":"DI BATEL","situacao_cadastral":"Ativa","data_situacao_cadastral":"2004-07-10","matriz_filial":"Matriz","data_inicio_atividade":"1995-06-28","cnae_principal":"5611201","cnaes_secundarios":[],"natureza_juridica":"Sociedade Empresária Limitada","logradouro":"TEIXEIRA COELHO","numero":"85","complemento":"","bairro":"BATEL","cep":"80420090","uf":"PR","municipio":"CURITIBA","email":"","telefones":[],"capital_social":"0,00","porte_empresa":"Microempresa (ME)","opcao_simples":"S","data_opcao_simples":"2024-01-01","opcao_mei":"N","data_opcao_mei":"0000-00-00","QSA":[{"nome_socio":"NEIDE APARECIDA GUAITA RODRIGUES","cnpj_cpf_socio":"***850789**","qualificacao_socio":"Sócio-Administrador","data_entrada_sociedade":"1996-10-15","identificador_socio":"Pessoa Física","faixa_etaria":"51 a 60 anos"},{"nome_socio":"NAYARA GUAITA RODRIGUES","cnpj_cpf_socio":"***740329**","qualificacao_socio":"Sócio","data_entrada_sociedade":"1996-10-15","identificador_socio":"Pessoa Física","faixa_etaria":"31 a 40 anos"},{"nome_socio":"GIOVANA GUAITA RODRIGUES","cnpj_cpf_socio":"***740279**","qualificacao_socio":"Sócio","data_entrada_sociedade":"1996-10-15","identificador_socio":"Pessoa Física","faixa_etaria":"31 a 40 anos"}]}