﻿{"cnpj":"00672367000151","razao_social":"UTIL TREINAMENTO EM INFORMATICA LTDA","nome_fantasia":"","situacao_cadastral":"Baixada","data_situacao_cadastral":"2019-08-12","matriz_filial":"Matriz","data_inicio_atividade":"1995-06-08","cnae_principal":"8599603","cnaes_secundarios":["8599604","8541400","8593700","8599699","8513900","8520100"],"natureza_juridica":"Sociedade Empresária Limitada","logradouro":"URUGUAI","numero":"317","complemento":"      317 LOJA A","bairro":"TIJUCA","cep":"20510055","uf":"RJ","municipio":"RIO DE JANEIRO","email":"metaauditoria@metaauditoria.com.br","telefones":[{"ddd":"21","numero":"24254003","is_fax":false},{"ddd":"21","numero":"24250093","is_fax":false},{"ddd":"21","numero":"24254003","is_fax":true}],"capital_social":"127500,00","porte_empresa":"Microempresa (ME)","opcao_simples":"N","data_opcao_simples":"2019-01-01","opcao_mei":"N","data_opcao_mei":"0000-00-00","QSA":[{"nome_socio":"FERNANDO BRITO ABRUNHOSA","cnpj_cpf_socio":"***262407**","qualificacao_socio":"Sócio-Administrador","data_entrada_sociedade":"2016-09-19","identificador_socio":"Pessoa Física","faixa_etaria":"41 a 50 anos"},{"nome_socio":"SUERDA DE OLIVEIRA BRITO","cnpj_cpf_socio":"***045907**","qualificacao_socio":"Sócio","data_entrada_sociedade":"2016-09-19","identificador_socio":"Pessoa Física","faixa_etaria":"Mais de 80 anos"}]}