﻿{"cnpj":"00672035000177","razao_social":"LAJES BOM PASTOR LTDA","nome_fantasia":"","situacao_cadastral":"Ativa","data_situacao_cadastral":"2004-09-04","matriz_filial":"Matriz","data_inicio_atividade":"1995-06-20","cnae_principal":"4744099","cnaes_secundarios":["2330302","4742300","4744005"],"natureza_juridica":"Sociedade Empresária Limitada","logradouro":"TRINDADE","numero":"494","complemento":"","bairro":"CAJURU","cep":"82920120","uf":"PR","municipio":"CURITIBA","email":"LAJESBOMPASTOR@IG.COM.BR","telefones":[{"ddd":"41","numero":"32672700","is_fax":false}],"capital_social":"100000,00","porte_empresa":"Microempresa (ME)","opcao_simples":"S","data_opcao_simples":"2007-07-01","opcao_mei":"N","data_opcao_mei":"0000-00-00","QSA":[{"nome_socio":"LUIZ CARLOS VIEIRA","cnpj_cpf_socio":"***608399**","qualificacao_socio":"Sócio-Administrador","data_entrada_sociedade":"1995-06-28","identificador_socio":"Pessoa Física","faixa_etaria":"51 a 60 anos"},{"nome_socio":"ISA DA SILVA VIEIRA","cnpj_cpf_socio":"***961639**","qualificacao_socio":"Sócio","data_entrada_sociedade":"1995-06-28","identificador_socio":"Pessoa Física","faixa_etaria":"51 a 60 anos"},{"nome_socio":"FLAVIO LUIZ VIEIRA","cnpj_cpf_socio":"***675199**","qualificacao_socio":"Sócio-Administrador","data_entrada_sociedade":"2021-06-01","identificador_socio":"Pessoa Física","faixa_etaria":"31 a 40 anos"}]}