﻿{"cnpj":"00672321000132","razao_social":"UNIVERSO SOLUCOES DIGITAIS LTDA","nome_fantasia":"UNIVERSO SOLUCOES","situacao_cadastral":"Ativa","data_situacao_cadastral":"2005-11-03","matriz_filial":"Matriz","data_inicio_atividade":"1995-06-28","cnae_principal":"1813001","cnaes_secundarios":["1340599","1354500","1413401","1629301","1629302","1813099","1822901","2229399","2399101","2441501","2512800","2539002","2542000","3102100","3299003","3299099","4743100","4744005","4759801","4761003","4763601","4763602","4781400","4789099","7410202","8219901","8299799"],"natureza_juridica":"Sociedade Empresária Limitada","logradouro":"GETULIO VARGAS","numero":"203","complemento":"","bairro":"CENTRO","cep":"45810000","uf":"BA","municipio":"PORTO SEGURO","email":"PRIMORAMOS1@HOTMAIL.COM","telefones":[{"ddd":"73","numero":"32881073","is_fax":false}],"capital_social":"250000,00","porte_empresa":"Microempresa (ME)","opcao_simples":"S","data_opcao_simples":"2025-01-01","opcao_mei":"N","data_opcao_mei":"0000-00-00","QSA":[{"nome_socio":"ZELITO GOMES CAIRES","cnpj_cpf_socio":"***406035**","qualificacao_socio":"Sócio-Administrador","data_entrada_sociedade":"2019-07-18","identificador_socio":"Pessoa Física","faixa_etaria":"51 a 60 anos"},{"nome_socio":"MELISSA PINHEIRO CAIRES","cnpj_cpf_socio":"***148365**","qualificacao_socio":"Sócio","data_entrada_sociedade":"2019-07-18","identificador_socio":"Pessoa Física","faixa_etaria":"21 a 30 anos"}]}