﻿{"cnpj":"00671851000166","razao_social":"METALURGICA TCHE GALDERIO LTDA","nome_fantasia":"DOCKS","situacao_cadastral":"Inapta","data_situacao_cadastral":"2019-03-22","matriz_filial":"Matriz","data_inicio_atividade":"1995-06-28","cnae_principal":"2593400","cnaes_secundarios":["3299004","9529199"],"natureza_juridica":"Sociedade Empresária Limitada","logradouro":"EURICO ADAM","numero":"118","complemento":"","bairro":"CENTRO","cep":"88302006","uf":"SC","municipio":"ITAJAI","email":"","telefones":[],"capital_social":"0,00","porte_empresa":"Microempresa (ME)","opcao_simples":"N","data_opcao_simples":"2010-01-01","opcao_mei":"N","data_opcao_mei":"0000-00-00","QSA":[{"nome_socio":"ARI SEBASTIAO FAGUNDES ALVES","cnpj_cpf_socio":"***601359**","qualificacao_socio":"Sócio","data_entrada_sociedade":"2000-07-31","identificador_socio":"Pessoa Física","faixa_etaria":"61 a 70 anos"},{"nome_socio":"ALCEU TEIXEIRA NAUMANN","cnpj_cpf_socio":"***491349**","qualificacao_socio":"Sócio-Administrador","data_entrada_sociedade":"2000-07-31","identificador_socio":"Pessoa Física","faixa_etaria":"61 a 70 anos"}]}