﻿{"cnpj":"00672207000102","razao_social":"R.D.J. COMERCIO LTDA","nome_fantasia":"","situacao_cadastral":"Ativa","data_situacao_cadastral":"2003-10-18","matriz_filial":"Matriz","data_inicio_atividade":"1995-06-27","cnae_principal":"4781400","cnaes_secundarios":[],"natureza_juridica":"Sociedade Empresária Limitada","logradouro":"DR. OTAVIO SOARES","numero":"108","complemento":"LOJA 11","bairro":"PALMEIRAS","cep":"35430229","uf":"MG","municipio":"PONTE NOVA","email":"","telefones":[],"capital_social":"300000,00","porte_empresa":"Microempresa (ME)","opcao_simples":"S","data_opcao_simples":"2007-07-01","opcao_mei":"N","data_opcao_mei":"0000-00-00","QSA":[{"nome_socio":"JOSIRENE LUCIA DO VALE BARTOLOMEU","cnpj_cpf_socio":"***716806**","qualificacao_socio":"Sócio-Administrador","data_entrada_sociedade":"1995-06-27","identificador_socio":"Pessoa Física","faixa_etaria":"61 a 70 anos"},{"nome_socio":"LUCIO FLAVIO BARBOSA BARTOLOMEU","cnpj_cpf_socio":"***092286**","qualificacao_socio":"Sócio","data_entrada_sociedade":"1996-10-25","identificador_socio":"Pessoa Física","faixa_etaria":"61 a 70 anos"}]}