﻿{"cnpj":"00672189000169","razao_social":"COMPLEMENTO JOIAS LTDA","nome_fantasia":"COMPLEMENTO","situacao_cadastral":"Ativa","data_situacao_cadastral":"2004-08-21","matriz_filial":"Matriz","data_inicio_atividade":"1995-06-27","cnae_principal":"4783101","cnaes_secundarios":["4783102"],"natureza_juridica":"Sociedade Empresária Limitada","logradouro":"SAO PAULO","numero":"656","complemento":"B 36","bairro":"CENTRO","cep":"30170130","uf":"MG","municipio":"BELO HORIZONTE","email":"","telefones":[],"capital_social":"3000,00","porte_empresa":"Microempresa (ME)","opcao_simples":"S","data_opcao_simples":"2024-01-01","opcao_mei":"N","data_opcao_mei":"0000-00-00","QSA":[{"nome_socio":"ADRIANA BITENCOURT DE ALMEIDA","cnpj_cpf_socio":"***295446**","qualificacao_socio":"Sócio-Administrador","data_entrada_sociedade":"1998-02-17","identificador_socio":"Pessoa Física","faixa_etaria":"41 a 50 anos"},{"nome_socio":"ABSON GERALDO TEIXEIRA","cnpj_cpf_socio":"***951266**","qualificacao_socio":"Sócio","data_entrada_sociedade":"2015-09-25","identificador_socio":"Pessoa Física","faixa_etaria":"51 a 60 anos"}]}