﻿{"cnpj":"00672122000124","razao_social":"PADARIA E CONFEITARIA ROKA'S PAES LTDA","nome_fantasia":"ROKA'S PAES","situacao_cadastral":"Ativa","data_situacao_cadastral":"2005-11-03","matriz_filial":"Matriz","data_inicio_atividade":"1995-06-28","cnae_principal":"4721102","cnaes_secundarios":[],"natureza_juridica":"Sociedade Empresária Limitada","logradouro":"RAPHAEL ZACARIAS","numero":"213","complemento":"","bairro":"DEMOCRATA","cep":"36035290","uf":"MG","municipio":"JUIZ DE FORA","email":"","telefones":[],"capital_social":"40000,00","porte_empresa":"Microempresa (ME)","opcao_simples":"S","data_opcao_simples":"2007-07-01","opcao_mei":"N","data_opcao_mei":"0000-00-00","QSA":[{"nome_socio":"MARCELLE ALVES DORNELES","cnpj_cpf_socio":"***196096**","qualificacao_socio":"Sócio-Administrador","data_entrada_sociedade":"2025-07-16","identificador_socio":"Pessoa Física","faixa_etaria":"31 a 40 anos"},{"nome_socio":"MARCUS MENON DE ALMEIDA","cnpj_cpf_socio":"***843386**","qualificacao_socio":"Sócio-Administrador","data_entrada_sociedade":"2025-07-16","identificador_socio":"Pessoa Física","faixa_etaria":"41 a 50 anos"}]}