﻿{"cnpj":"00671980000154","razao_social":"SEMANTEC CONSTRUCAO INSTALACAO E MANUTENCAO LTDA","nome_fantasia":"","situacao_cadastral":"Baixada","data_situacao_cadastral":"2018-03-15","matriz_filial":"Matriz","data_inicio_atividade":"1995-06-26","cnae_principal":"4120400","cnaes_secundarios":["4330402","4321500","4299501","4292801","4213800","4311801","4313400","4330404","4330403","4322301","4322302","4330405","4391600","4399103","8130300"],"natureza_juridica":"Sociedade Empresária Limitada","logradouro":"JOAO RIBEIRO","numero":"000","complemento":"QUADRA: 010; LOTE: 01; CASA: 1;","bairro":"VILA CENTENARIO","cep":"25030160","uf":"RJ","municipio":"DUQUE DE CAXIAS","email":"","telefones":[{"ddd":"21","numero":"27726231","is_fax":false}],"capital_social":"0,00","porte_empresa":"Empresa de Pequeno Porte (EPP)","opcao_simples":"N","data_opcao_simples":"2007-07-01","opcao_mei":"N","data_opcao_mei":"0000-00-00","QSA":[{"nome_socio":"WILSON SANTOS DE SOUZA","cnpj_cpf_socio":"***312827**","qualificacao_socio":"Sócio-Administrador","data_entrada_sociedade":"2004-01-14","identificador_socio":"Pessoa Física","faixa_etaria":"61 a 70 anos"},{"nome_socio":"JOSE CARLOS SANTOS DE SOUZA","cnpj_cpf_socio":"***698157**","qualificacao_socio":"Sócio","data_entrada_sociedade":"2012-07-31","identificador_socio":"Pessoa Física","faixa_etaria":"41 a 50 anos"}]}