﻿{"cnpj":"00672278000105","razao_social":"OFICINA MECANICA SO DIESEL LTDA","nome_fantasia":"","situacao_cadastral":"Ativa","data_situacao_cadastral":"2000-12-23","matriz_filial":"Matriz","data_inicio_atividade":"1995-06-29","cnae_principal":"4530703","cnaes_secundarios":["4520001","4530701"],"natureza_juridica":"Sociedade Empresária Limitada","logradouro":"DELFIM MOREIRA","numero":"165","complemento":"","bairro":"CELESTE","cep":"93700000","uf":"RS","municipio":"CAMPO BOM","email":"","telefones":[{"ddd":"51","numero":"35984521","is_fax":false}],"capital_social":"8000,00","porte_empresa":"Microempresa (ME)","opcao_simples":"S","data_opcao_simples":"2007-07-01","opcao_mei":"N","data_opcao_mei":"0000-00-00","QSA":[{"nome_socio":"NILMAR DIAS NAIBERT","cnpj_cpf_socio":"***039090**","qualificacao_socio":"Sócio","data_entrada_sociedade":"1995-06-01","identificador_socio":"Pessoa Física","faixa_etaria":"61 a 70 anos"},{"nome_socio":"VILMAR LUIZ MERTZ","cnpj_cpf_socio":"***319180**","qualificacao_socio":"Sócio-Administrador","data_entrada_sociedade":"2003-03-14","identificador_socio":"Pessoa Física","faixa_etaria":"51 a 60 anos"},{"nome_socio":"THIAGO RAFAEL MERTZ","cnpj_cpf_socio":"***808760**","qualificacao_socio":"Sócio-Administrador","data_entrada_sociedade":"2024-03-20","identificador_socio":"Pessoa Física","faixa_etaria":"21 a 30 anos"}]}