﻿{"cnpj":"00671933000100","razao_social":"NAKANISHI PRESENTES LTDA","nome_fantasia":"CRISTAL PRESENTES","situacao_cadastral":"Baixada","data_situacao_cadastral":"2010-04-06","matriz_filial":"Matriz","data_inicio_atividade":"1982-07-07","cnae_principal":"4789001","cnaes_secundarios":[],"natureza_juridica":"Sociedade Empresária Limitada","logradouro":"SHCN CL QUADRA 204","numero":"S/N","complemento":"BLOCO A N 49              SALA  10","bairro":"ASA NORTE","cep":"70842510","uf":"DF","municipio":"BRASILIA","email":"","telefones":[{"ddd":"61","numero":"33268967","is_fax":false}],"capital_social":"0,00","porte_empresa":"Empresa de Pequeno Porte (EPP)","opcao_simples":"N","data_opcao_simples":"2007-07-01","opcao_mei":"N","data_opcao_mei":"0000-00-00","QSA":[{"nome_socio":"CIRO NAKANISHI","cnpj_cpf_socio":"***054839**","qualificacao_socio":"Sócio-Administrador","data_entrada_sociedade":"1982-07-06","identificador_socio":"Pessoa Física","faixa_etaria":"71 a 80 anos"},{"nome_socio":"KARINA NAKANISHI","cnpj_cpf_socio":"***612421**","qualificacao_socio":"Sócio-Administrador","data_entrada_sociedade":"2005-08-04","identificador_socio":"Pessoa Física","faixa_etaria":"41 a 50 anos"}]}