﻿{"cnpj":"00672155000174","razao_social":"INBRAFER COMERCIAL LTDA","nome_fantasia":"","situacao_cadastral":"Baixada","data_situacao_cadastral":"2009-06-05","matriz_filial":"Matriz","data_inicio_atividade":"1995-06-27","cnae_principal":"4672900","cnaes_secundarios":[],"natureza_juridica":"Sociedade Empresária Limitada","logradouro":"SANTANA","numero":"59","complemento":"","bairro":"CENTRO","cep":"35436000","uf":"MG","municipio":"GUARACIABA","email":"","telefones":[],"capital_social":"0,00","porte_empresa":"Microempresa (ME)","opcao_simples":"N","data_opcao_simples":"2007-07-01","opcao_mei":"N","data_opcao_mei":"0000-00-00","QSA":[{"nome_socio":"GERALDO MAGELA BELTOR","cnpj_cpf_socio":"***785316**","qualificacao_socio":"Sócio","data_entrada_sociedade":"2001-02-22","identificador_socio":"Pessoa Física","faixa_etaria":"71 a 80 anos"},{"nome_socio":"MIGUEL DE CASTRO MOREIRA","cnpj_cpf_socio":"***088186**","qualificacao_socio":"Sócio-Administrador","data_entrada_sociedade":"2004-05-21","identificador_socio":"Pessoa Física","faixa_etaria":"61 a 70 anos"}]}