﻿{"cnpj":"00672075000119","razao_social":"SUZUKI-PERFUMARIA E COSMETICOS LTDA","nome_fantasia":"CHIC T BOOM","situacao_cadastral":"Suspensa","data_situacao_cadastral":"2025-04-12","matriz_filial":"Matriz","data_inicio_atividade":"1995-06-23","cnae_principal":"4781400","cnaes_secundarios":[],"natureza_juridica":"Sociedade Empresária Limitada","logradouro":"GAVIAO PEIXOTO","numero":"182","complemento":"LOJA 115","bairro":"ICARAI","cep":"24230120","uf":"RJ","municipio":"NITEROI","email":"","telefones":[{"ddd":"21","numero":"27175888","is_fax":false}],"capital_social":"0,00","porte_empresa":"Microempresa (ME)","opcao_simples":"N","data_opcao_simples":"2007-07-01","opcao_mei":"N","data_opcao_mei":"0000-00-00","QSA":[{"nome_socio":"LUCIA MITSUE DIAS SUZUKI LIMA","cnpj_cpf_socio":"***907467**","qualificacao_socio":"Sócio-Administrador","data_entrada_sociedade":"2003-09-10","identificador_socio":"Pessoa Física","faixa_etaria":"51 a 60 anos"},{"nome_socio":"CARLOS RIKIO SUZUKI","cnpj_cpf_socio":"***358197**","qualificacao_socio":"Sócio","data_entrada_sociedade":"2005-08-23","identificador_socio":"Pessoa Física","faixa_etaria":"Mais de 80 anos"}]}