﻿{"cnpj":"00672375000106","razao_social":"KAMAR ALIMENTOS CONGELADOS LTDA","nome_fantasia":"","situacao_cadastral":"Ativa","data_situacao_cadastral":"2006-12-21","matriz_filial":"Matriz","data_inicio_atividade":"1995-06-14","cnae_principal":"1099699","cnaes_secundarios":["4639701"],"natureza_juridica":"Sociedade Simples Limitada","logradouro":"MERITI","numero":"2684","complemento":"CASA 1","bairro":"VILA DA PENHA","cep":"21211006","uf":"RJ","municipio":"RIO DE JANEIRO","email":"","telefones":[{"ddd":"21","numero":"30137797","is_fax":false},{"ddd":"21","numero":"30137797","is_fax":false}],"capital_social":"3000,00","porte_empresa":"Microempresa (ME)","opcao_simples":"S","data_opcao_simples":"2008-01-01","opcao_mei":"N","data_opcao_mei":"0000-00-00","QSA":[{"nome_socio":"MARCELO LUIZ MEIRA ARRUDA","cnpj_cpf_socio":"***770267**","qualificacao_socio":"Sócio-Administrador","data_entrada_sociedade":"1995-06-14","identificador_socio":"Pessoa Física","faixa_etaria":"51 a 60 anos"}]}