﻿{"cnpj":"00671937000199","razao_social":"BICHOS & TAL CLINICA VETERINARIA E PET SHOP LTDA","nome_fantasia":"","situacao_cadastral":"Ativa","data_situacao_cadastral":"2005-11-03","matriz_filial":"Matriz","data_inicio_atividade":"1995-05-10","cnae_principal":"9609208","cnaes_secundarios":[],"natureza_juridica":"Sociedade Empresária Limitada","logradouro":"DOS AMERICANOS","numero":"208","complemento":"","bairro":"BARRA FUNDA","cep":"01138010","uf":"SP","municipio":"SAO PAULO","email":"ASTRALCONTABILIDADE@UOL.COM.BR","telefones":[{"ddd":"11","numero":"33849527","is_fax":false}],"capital_social":"5000,00","porte_empresa":"Microempresa (ME)","opcao_simples":"N","data_opcao_simples":"2012-01-01","opcao_mei":"N","data_opcao_mei":"0000-00-00","QSA":[{"nome_socio":"ANDRE LEE CITTI","cnpj_cpf_socio":"***861818**","qualificacao_socio":"Sócio-Administrador","data_entrada_sociedade":"1995-06-28","identificador_socio":"Pessoa Física","faixa_etaria":"51 a 60 anos"}]}