﻿{"cnpj":"00672136000148","razao_social":"ADIEL DOS SANTOS PINTO & CIA LTDA","nome_fantasia":"3 P REFRIGERACAO","situacao_cadastral":"Ativa","data_situacao_cadastral":"2005-11-03","matriz_filial":"Matriz","data_inicio_atividade":"1995-06-29","cnae_principal":"9521500","cnaes_secundarios":["4757100"],"natureza_juridica":"Sociedade Empresária Limitada","logradouro":"ADOLPHO LOLLATO","numero":"1662","complemento":"SALA  01","bairro":"CENTRO","cep":"85875000","uf":"PR","municipio":"SANTA TEREZINHA DE ITAIPU","email":"","telefones":[{"ddd":"45","numero":"35411626","is_fax":false},{"ddd":"045","numero":"5411872","is_fax":true}],"capital_social":"2000,00","porte_empresa":"Microempresa (ME)","opcao_simples":"S","data_opcao_simples":"2007-07-01","opcao_mei":"N","data_opcao_mei":"0000-00-00","QSA":[{"nome_socio":"ADIEL DOS SANTOS PINTO","cnpj_cpf_socio":"***815869**","qualificacao_socio":"Sócio-Administrador","data_entrada_sociedade":"1995-06-29","identificador_socio":"Pessoa Física","faixa_etaria":"51 a 60 anos"},{"nome_socio":"SIRLEI DE FATIMA FAEDO PINTO","cnpj_cpf_socio":"***560439**","qualificacao_socio":"Sócio","data_entrada_sociedade":"1995-06-29","identificador_socio":"Pessoa Física","faixa_etaria":"51 a 60 anos"}]}