﻿{"cnpj":"00672043000113","razao_social":"ARAUJO ADMINISTRADORA DE BENS LTDA","nome_fantasia":"","situacao_cadastral":"Ativa","data_situacao_cadastral":"2009-11-25","matriz_filial":"Matriz","data_inicio_atividade":"1995-06-28","cnae_principal":"6810202","cnaes_secundarios":["6810201","4110700"],"natureza_juridica":"Sociedade Empresária Limitada","logradouro":"PRESIDENTE AFFONSO CAMARGO","numero":"849","complemento":"APT   104 B               ANDAR 01","bairro":"CRISTO REI","cep":"80050370","uf":"PR","municipio":"CURITIBA","email":"","telefones":[{"ddd":"41","numero":"32502721","is_fax":false}],"capital_social":"300000,00","porte_empresa":"Demais","opcao_simples":"N","data_opcao_simples":"2011-01-01","opcao_mei":"N","data_opcao_mei":"0000-00-00","QSA":[{"nome_socio":"ELIANA ANDRADE KATSUKI DE ARAUJO","cnpj_cpf_socio":"***119239**","qualificacao_socio":"Administrador","data_entrada_sociedade":"1997-04-10","identificador_socio":"Pessoa Física","faixa_etaria":"51 a 60 anos"},{"nome_socio":"JULIA KATSUKI DE ARAUJO","cnpj_cpf_socio":"***508479**","qualificacao_socio":"Sócio Menor (Assistido/Representado)","data_entrada_sociedade":"2013-08-08","identificador_socio":"Pessoa Física","faixa_etaria":"21 a 30 anos"},{"nome_socio":"FERNANDA KATSUKI DE ARAUJO","cnpj_cpf_socio":"***330189**","qualificacao_socio":"Sócio Menor (Assistido/Representado)","data_entrada_sociedade":"2013-08-08","identificador_socio":"Pessoa Física","faixa_etaria":"13 a 20 anos"}]}