﻿{"cnpj":"00672273000182","razao_social":"INSTITUICAO DE EDUCACAO INFANTIL BRILHO DE SOL LTDA","nome_fantasia":"BRILHO DE SOL","situacao_cadastral":"Baixada","data_situacao_cadastral":"2012-03-27","matriz_filial":"Matriz","data_inicio_atividade":"1995-06-29","cnae_principal":"8511200","cnaes_secundarios":[],"natureza_juridica":"Sociedade Empresária Limitada","logradouro":"ALMIRANTE BARROSO","numero":"511","complemento":"","bairro":"FLORESTA","cep":"90220021","uf":"RS","municipio":"PORTO ALEGRE","email":"","telefones":[],"capital_social":"0,00","porte_empresa":"Microempresa (ME)","opcao_simples":"N","data_opcao_simples":"2007-07-01","opcao_mei":"N","data_opcao_mei":"0000-00-00","QSA":[{"nome_socio":"MARIA AMELIA FREITAS DA SILVA","cnpj_cpf_socio":"***751700**","qualificacao_socio":"Sócio","data_entrada_sociedade":"2001-06-12","identificador_socio":"Pessoa Física","faixa_etaria":"71 a 80 anos"},{"nome_socio":"ALINE FREITAS DA SILVA","cnpj_cpf_socio":"***768450**","qualificacao_socio":"Sócio-Administrador","data_entrada_sociedade":"1998-03-24","identificador_socio":"Pessoa Física","faixa_etaria":"41 a 50 anos"}]}