﻿{"cnpj":"00672158000108","razao_social":"S&R SERVICOS E MANUTENCAO LTDA","nome_fantasia":"S & R","situacao_cadastral":"Inapta","data_situacao_cadastral":"2021-04-07","matriz_filial":"Matriz","data_inicio_atividade":"1995-06-26","cnae_principal":"4330404","cnaes_secundarios":["4120400"],"natureza_juridica":"Sociedade Empresária Limitada","logradouro":"DOS MARES","numero":"6","complemento":"EDIF  PIMENTEL            SALA  102","bairro":"MARES","cep":"40445186","uf":"BA","municipio":"SALVADOR","email":"andresouza1969@gmail.com","telefones":[{"ddd":"71","numero":"33124774","is_fax":false}],"capital_social":"30000,00","porte_empresa":"Microempresa (ME)","opcao_simples":"S","data_opcao_simples":"2007-07-01","opcao_mei":"N","data_opcao_mei":"0000-00-00","QSA":[{"nome_socio":"JOSELITO ALVES RIBEIRO","cnpj_cpf_socio":"***965865**","qualificacao_socio":"Sócio-Administrador","data_entrada_sociedade":"2009-06-05","identificador_socio":"Pessoa Física","faixa_etaria":"61 a 70 anos"}]}