﻿{"cnpj":"00671960000183","razao_social":"MK SERVICES LTDA","nome_fantasia":"","situacao_cadastral":"Baixada","data_situacao_cadastral":"2023-05-04","matriz_filial":"Matriz","data_inicio_atividade":"1995-06-22","cnae_principal":"6209100","cnaes_secundarios":["4751201"],"natureza_juridica":"Sociedade Empresária Limitada","logradouro":"YLIZERIO DE LOURDES","numero":"292","complemento":"","bairro":"VILA ATUBA","cep":"83408370","uf":"PR","municipio":"COLOMBO","email":"paulo@orcontec.com.br","telefones":[{"ddd":"41","numero":"30239696","is_fax":false},{"ddd":"41","numero":"91212003","is_fax":false},{"ddd":"41","numero":"30239696","is_fax":true}],"capital_social":"15000,00","porte_empresa":"Microempresa (ME)","opcao_simples":"N","data_opcao_simples":"2007-07-01","opcao_mei":"N","data_opcao_mei":"0000-00-00","QSA":[{"nome_socio":"DEISE DE FATIMA PERRY DIZ MACEDO","cnpj_cpf_socio":"***020399**","qualificacao_socio":"Sócio-Administrador","data_entrada_sociedade":"2023-05-04","identificador_socio":"Pessoa Física","faixa_etaria":"51 a 60 anos"},{"nome_socio":"ANDRESSA DIZ MACEDO","cnpj_cpf_socio":"***923599**","qualificacao_socio":"Sócio","data_entrada_sociedade":"2023-05-04","identificador_socio":"Pessoa Física","faixa_etaria":"31 a 40 anos"},{"nome_socio":"LUCAS EDUARDO DIZ MACEDO","cnpj_cpf_socio":"***940129**","qualificacao_socio":"Sócio","data_entrada_sociedade":"2023-05-04","identificador_socio":"Pessoa Física","faixa_etaria":"21 a 30 anos"}]}