﻿{"cnpj":"00672358000160","razao_social":"WORDPOWER-ENGLISH LANGUAGE SERVICES LTDA","nome_fantasia":"","situacao_cadastral":"Baixada","data_situacao_cadastral":"2022-11-30","matriz_filial":"Matriz","data_inicio_atividade":"1995-05-18","cnae_principal":"8593700","cnaes_secundarios":["7490101"],"natureza_juridica":"Sociedade Simples Limitada","logradouro":"GENARO DE CARVALHO","numero":"1210","complemento":"APT   202","bairro":"RECREIO DOS BANDEIRANTES","cep":"22795078","uf":"RJ","municipio":"RIO DE JANEIRO","email":"","telefones":[{"ddd":"21","numero":"25608031","is_fax":false},{"ddd":"21","numero":"38845930","is_fax":false},{"ddd":"21","numero":"25608031","is_fax":true}],"capital_social":"5000,00","porte_empresa":"Microempresa (ME)","opcao_simples":"N","data_opcao_simples":"2007-07-01","opcao_mei":"N","data_opcao_mei":"0000-00-00","QSA":[{"nome_socio":"THOMAS ALAN COX","cnpj_cpf_socio":"***088807**","qualificacao_socio":"Sócio-Administrador","data_entrada_sociedade":"1995-05-18","identificador_socio":"Pessoa Física","faixa_etaria":"61 a 70 anos"},{"nome_socio":"HILDA MARIA FERREIRA COX","cnpj_cpf_socio":"***555497**","qualificacao_socio":"Sócio","data_entrada_sociedade":"1995-05-18","identificador_socio":"Pessoa Física","faixa_etaria":"71 a 80 anos"}]}