﻿{"cnpj":"00672222000150","razao_social":"BEBBER SERVICOS LTDA","nome_fantasia":"","situacao_cadastral":"Ativa","data_situacao_cadastral":"2005-08-27","matriz_filial":"Matriz","data_inicio_atividade":"1995-06-29","cnae_principal":"8211300","cnaes_secundarios":["8291100"],"natureza_juridica":"Sociedade Empresária Limitada","logradouro":"MARECHAL DEODORO","numero":"495","complemento":"","bairro":"CENTRO","cep":"89620000","uf":"SC","municipio":"CAMPOS NOVOS","email":"","telefones":[{"ddd":"49","numero":"35410047","is_fax":false}],"capital_social":"45000,00","porte_empresa":"Microempresa (ME)","opcao_simples":"S","data_opcao_simples":"2014-01-01","opcao_mei":"N","data_opcao_mei":"0000-00-00","QSA":[{"nome_socio":"ADEMIR PAULO BEBBER","cnpj_cpf_socio":"***583009**","qualificacao_socio":"Sócio-Administrador","data_entrada_sociedade":"2025-08-01","identificador_socio":"Pessoa Física","faixa_etaria":"61 a 70 anos"},{"nome_socio":"DAICE TEREZINHA GAVAZZONI","cnpj_cpf_socio":"***495079**","qualificacao_socio":"Sócio-Administrador","data_entrada_sociedade":"2025-08-01","identificador_socio":"Pessoa Física","faixa_etaria":"71 a 80 anos"},{"nome_socio":"DALVA TEREZINHA BEBBER","cnpj_cpf_socio":"***105419**","qualificacao_socio":"Sócio-Administrador","data_entrada_sociedade":"2025-08-01","identificador_socio":"Pessoa Física","faixa_etaria":"61 a 70 anos"}]}