﻿{"cnpj":"00671897000185","razao_social":"JULIMAR PRESENTES LTDA","nome_fantasia":"","situacao_cadastral":"Ativa","data_situacao_cadastral":"2004-11-06","matriz_filial":"Matriz","data_inicio_atividade":"1995-06-23","cnae_principal":"9529199","cnaes_secundarios":["4713002","9529102"],"natureza_juridica":"Sociedade Empresária Limitada","logradouro":"CATULO CEARENSE","numero":"4","complemento":"A","bairro":"ENGENHO DE DENTRO","cep":"20730320","uf":"RJ","municipio":"RIO DE JANEIRO","email":"","telefones":[],"capital_social":"65000,00","porte_empresa":"Microempresa (ME)","opcao_simples":"S","data_opcao_simples":"2020-01-01","opcao_mei":"N","data_opcao_mei":"0000-00-00","QSA":[{"nome_socio":"RODRIGO CARVALHAES DE MIRANDA","cnpj_cpf_socio":"***882337**","qualificacao_socio":"Sócio-Administrador","data_entrada_sociedade":"2011-04-28","identificador_socio":"Pessoa Física","faixa_etaria":"41 a 50 anos"},{"nome_socio":"CRISTIANE FAGUNDES FREDERICO CARVALHAES","cnpj_cpf_socio":"***146787**","qualificacao_socio":"Sócio-Administrador","data_entrada_sociedade":"2012-08-02","identificador_socio":"Pessoa Física","faixa_etaria":"41 a 50 anos"},{"nome_socio":"VILMA FAGUNDES FREDERICO","cnpj_cpf_socio":"***375697**","qualificacao_socio":"Sócio-Administrador","data_entrada_sociedade":"2012-08-02","identificador_socio":"Pessoa Física","faixa_etaria":"71 a 80 anos"}]}