﻿{"cnpj":"00672050000115","razao_social":"TORNEARIA XAVIER LTDA","nome_fantasia":"TORNEARIA XAVIER","situacao_cadastral":"Ativa","data_situacao_cadastral":"2003-10-04","matriz_filial":"Matriz","data_inicio_atividade":"1995-06-29","cnae_principal":"2511000","cnaes_secundarios":["2521700","2539001","2823200","2862300","3314712","3314799","3319800","4292802","4399104","4530703","4530705","4684299","4732600","5212500","7719599"],"natureza_juridica":"Sociedade Empresária Limitada","logradouro":"JOSE RODRIGUES PRIMO","numero":"221","complemento":"","bairro":"RAQUEL","cep":"39560000","uf":"MG","municipio":"SALINAS","email":"CONTSENA@UAI.COM.BR","telefones":[{"ddd":"38","numero":"38411031","is_fax":false}],"capital_social":"150000,00","porte_empresa":"Microempresa (ME)","opcao_simples":"S","data_opcao_simples":"2007-07-01","opcao_mei":"N","data_opcao_mei":"0000-00-00","QSA":[{"nome_socio":"ROMILDO SENA XAVIER","cnpj_cpf_socio":"***227116**","qualificacao_socio":"Sócio-Administrador","data_entrada_sociedade":"1995-06-15","identificador_socio":"Pessoa Física","faixa_etaria":"51 a 60 anos"},{"nome_socio":"EDILENE DOS SANTOS ROCHA E SENA","cnpj_cpf_socio":"***162126**","qualificacao_socio":"Sócio-Administrador","data_entrada_sociedade":"2003-01-08","identificador_socio":"Pessoa Física","faixa_etaria":"51 a 60 anos"}]}