﻿{"cnpj":"00672235000120","razao_social":"SERVICOS DE REPOSICAO DIMARCOS LTDA","nome_fantasia":"DIMARCOS","situacao_cadastral":"Ativa","data_situacao_cadastral":"2000-12-23","matriz_filial":"Matriz","data_inicio_atividade":"1995-06-29","cnae_principal":"8299799","cnaes_secundarios":["7810800"],"natureza_juridica":"Sociedade Empresária Limitada","logradouro":"BALDICERO FILOMENO","numero":"12790","complemento":"","bairro":"CAIACANGA","cep":"88064710","uf":"SC","municipio":"FLORIANOPOLIS","email":"SOCIETARIO@CONTABILIDADEVINHOLI.COM.BR","telefones":[{"ddd":"47","numero":"34000500","is_fax":false},{"ddd":"47","numero":"34000500","is_fax":true}],"capital_social":"20000,00","porte_empresa":"Empresa de Pequeno Porte (EPP)","opcao_simples":"S","data_opcao_simples":"2007-07-01","opcao_mei":"N","data_opcao_mei":"0000-00-00","QSA":[{"nome_socio":"MICHELLY CRISTINA RIBEIRO VIEIRA","cnpj_cpf_socio":"***121499**","qualificacao_socio":"Sócio-Administrador","data_entrada_sociedade":"2011-09-14","identificador_socio":"Pessoa Física","faixa_etaria":"41 a 50 anos"},{"nome_socio":"VIVIANE SOUSA DA COSTA VIEIRA","cnpj_cpf_socio":"***968599**","qualificacao_socio":"Sócio-Administrador","data_entrada_sociedade":"2025-09-01","identificador_socio":"Pessoa Física","faixa_etaria":"51 a 60 anos"}]}